idl;ido
P001;1.00000
P002;4.00000
P003;14.00000
P271;18.00000
P272;25.00000
P273;30.00000
P274;35.00000
P356;40.00000
P351;71.00000
P001;135.00000
P029;132.00000
P028;126.00000
P289;121.00000
P275;109.00000
P341;105.00000
P340;102.00000
P339;101.00000
P338;98.00000
