idl;ido
P001;1.00000
P002;4.00000
P032;12.00000
P033;13.00000
P034;16.00000
P153;17.00000
P035;19.00000
P036;20.00000
P037;24.00000
P038;25.00000
P039;27.00000
P040;28.00000
P320;31.00000
P041;35.00000
P042;40.00000
P043;41.00000
P046;43.00000
P329;49.00000
P359;56.00000
P001;96.00000
P029;93.00000
P056;85.00000
P055;84.00000
P054;83.00000
P053;81.00000
P052;79.00000
P051;74.00000
P050;73.00000
P049;72.00000
P048;71.00000
P360;63.00000
