idl;ido
P255;1.00000
P256;10.00000
P257;13.00000
P258;20.00000
P259;26.00000
P004;31.00000
P005;32.00000
P006;33.00000
P007;41.00000
P008;45.00000
P009;49.00000
P010;52.00000
P011;57.00000
P012;60.00000
P255;167.00000
P254;155.00000
P253;152.00000
P252;138.00000
P251;128.00000
P027;118.00000
P026;117.00000
P025;116.00000
P024;111.00000
P023;108.00000
P022;105.00000
P021;100.00000
P020;97.00000
P019;90.00000
P018;89.00000
P017;83.00000
P016;80.00000
P015;76.00000
P014;70.00000
P013;64.00000
