idl;ido
P001;1.00000
P104;7.00000
317;17.00000
P217;21.00000
P110;36.00000
P111;41.00000
P112;47.00000
P001;113.00000
P029;108.00000
P028;100.00000
P211;92.00000
P120;82.00000
P119;79.00000
P118;77.00000
P117;74.00000
P116;65.00000
P115;62.00000
P114;55.00000
P113;51.00000
