idl;ido
P001;1.00000
P002;5.00000
P003;18.00000
P271;23.00000
P272;29.00000
P273;33.00000
P274;40.00000
P338;49.00000
P001;105.00000
P029;100.00000
P028;89.00000
P289;82.00000
P275;69.00000
P341;60.00000
P340;57.00000
P339;54.00000
