idl;ido
P001;1.00000
P002;4.00000
P032;12.00000
P033;13.00000
P034;16.00000
P153;17.00000
P035;19.00000
P036;20.00000
P037;24.00000
P038;25.00000
P039;27.00000
P040;28.00000
P320;31.00000
P041;35.00000
P042;40.00000
P043;41.00000
P044;47.00000
P045;53.00000
P046;58.00000
P329;64.00000
P359;71.00000
P001;111.00000
P029;108.00000
P056;100.00000
P055;99.00000
P054;98.00000
P053;96.00000
P052;94.00000
P051;89.00000
P050;88.00000
P049;87.00000
P048;86.00000
P360;78.00000
