idl;ido
P121;1.00000
P121;2.00000
P211;5.00000
P032;17.00000
P033;19.00000
P034;29.00000
P153;32.00000
P361;34.00000
P090;47.00000
P089;48.00000
P330;62.00000
P331;72.00000
P332;78.00000
P088;96.00000
P087;99.00000
P086;123.00000
P121;196.00000
P217;187.00000
P056;180.00000
P055;179.00000
P054;176.00000
P053;172.00000
P052;170.00000
P165;169.00000
P024;163.00000
P022;157.00000
P021;154.00000
294;152.00000
316;143.00000
